{
    "mean": 0.23060463485510505,
    "deviation": 0.19482857480112326
}